Title,Date,Description
Business Engineer mit OneIdentity Manager-Erfahrung (m/w/d) - 100% Remote - Start 01.03.2024!,31.01.2024,"Momentan suche ich für meinen Kunden aus Frankfurt am Main einen kurzfristig verfügbaren Business Engineer Freelancer mit OneIdentity Manager-Erfahrung ein 100% Remote Projekt.

Das Projekt:
Start: 01.03.2024, gerne früher
Länge: 6 Monate (Verlängerung möglich)
Ort: 100% Remote (Endkunde sitzt in Frankfurt am Main)
Sprache: Deutsch

Zu deinen Aufgaben zählen:
• Erstellung von umfangreichen Fachkonzepten;
• Durchführung von Refinements;
• Anforderungserhebung & Dokumentation.

Dein Background (!Selbsteinschätzung auf der Skala: 1-10!):
• Requirements Engineer/Business Analyst-Erfahrung;
• Identity und Access Management-Erfahrung (IAM);
• Tools: OneIdentity Manager.

Du hast Interesse und bist zeitnah verfügbar? Dann melde dich gerne mit aktuellem CV, deiner projektbezogenen Selbsteinschätzung und deinem Stundensatz.
Gerne können wir uns dann über die Projektdetails telefonisch austauschen."
IT-Akquisiteur/in für Kundenakquise in IT-Projekten gesucht,31.01.2024,"Als IT-Akquisiteur/in sind Sie verantwortlich für die Akquise neuer Kunden für unsere IT-Projekte. Ihre Aufgaben umfassen die Entwicklung und Umsetzung von Akquisestrategien, die Generierung von Leads sowie die Pflege von Kundenbeziehungen. Sie führen Akquise- und Vertriebsgespräche, erstellen Angebote und Präsentationen und unterstützen den Vertrieb bei der Auftragsabwicklung.

Aufgaben:
Generierung von Leads und Kontakten
Aufbau und Pflege von Kundenbeziehungen
Durchführung von Akquise- und Vertriebsgesprächen
Erstellung von Angeboten und Präsentationen
Unterstützung des Vertriebs bei der Auftragsabwicklung

Qualifikationen:
Erfolgreich abgeschlossene Berufsausbildung oder Studium im Bereich IT, Marketing oder Vertrieb
Mehrjährige Berufserfahrung in der IT-Branche
Fundierte Kenntnisse der IT-Branche und der relevanten Technologien
Sehr gute Kommunikationsfähigkeiten, sowohl schriftlich als auch mündlich
Hohe Eigeninitiative und Motivation, Teamfähigkeit

Ihr Profil
Sie haben eine erfolgreich abgeschlossene Berufsausbildung oder ein Studium im Bereich IT, Marketing oder Vertrieb. Sie verfügen über mehrjährige Berufserfahrung in der IT-Branche und haben fundierte Kenntnisse der IT-Branche und der relevanten Technologien. Sie sind ein kommunikativer und motivierter Mensch mit hoher Eigeninitiative und Teamfähigkeit.

Interessiert?

Dann freuen wir uns auf Ihre Bewerbung. Bitte senden Sie uns Ihren Lebenslauf und ein Anschreiben zu."
Python Developer,31.01.2024,"We are currently looking for 2 x Freelance Python Developers to work with a Financial Services company in Germany on a fully remote basis.

The company has a SASS product which enables the company to offer better interest rates to certain customers and due to this requires an additional 2 freelancers to assist them on this project.

Tech needed:
- Core Python 3.11.0
- Skilled with writing Unit Tests
- CI/CD experience
- Microservices experience with AWS
- Need to have strong Financial Services experience

This will be an initial 6-month project with a strong chance of extension for another 6 months.

We have interview slots for next week and are looking for candidates to be able to start before March.

If you are interested, please respond to this message and we can schedule a quick phone call"
Python Developer,31.01.2024,"We are currently looking for 2 x Freelance Python Developers to work with a Financial Services company in Germany on a fully remote basis.

The company has a SASS product which enables the company to offer better interest rates to certain customers and due to this requires an additional 2 freelancers to assist them on this project.

Tech needed:
- Core Python 3.11.0
- Skilled with writing Unit Tests
- CI/CD experience
- Microservices experience with AWS
- Need to have strong Financial Services experience

This will be an initial 6-month project with a strong chance of extension for another 6 months.

We have interview slots for next week and are looking for candidates to be able to start before March.

If you are interested, please respond to this message and we can schedule a quick phone call"
Python Developer,31.01.2024,"We are currently looking for 2 x Freelance Python Developers to work with a Financial Services company in Germany on a fully remote basis.

The company has a SASS product which enables the company to offer better interest rates to certain customers and due to this requires an additional 2 freelancers to assist them on this project.

Tech needed:
- Core Python 3.11.0
- Skilled with writing Unit Tests
- CI/CD experience
- Microservices experience with AWS
- Need to have strong Financial Services experience

This will be an initial 6-month project with a strong chance of extension for another 6 months.

We have interview slots for next week and are looking for candidates to be able to start before March.

If you are interested, please respond to this message and we can schedule a quick phone call"
Data Scientist (m/w/d) im Bereich Zahlungsverkehr und Fraud Detection | Page Contracting,31.01.2024,"Für unseren Kunden suchen wir einen Data Scientist (m/w/d) im Bereich Zahlungsverkehr und Fraud Detection.

Start:  01.04.24
Laufzeit: 3 Monate mit Option auf Verlängerung
Standort: Remote
Auslastung;: Vollzeit
 
Aufgaben:
-Unterstützung im Bereich Betrugserkennung im Zahlungsverkehr (Fraud Detection)
-Entwicklung von KI-Methoden für konkrete Vergleiche von Zahlungen
-Betrachtung des Gesamtsystems zur Verfeinerung der Abläufe 
 
Skills:
-Erfahrung im Bereich Fraud Detection
-Erfahrung mit NVIDIA Triton Inference Server
-Erfahrung im Bereich Bankwesen/Zahlungsverkehr

 Klingt das Projekt interessant?
 
Ich freue mich auf Ihre Rückmeldung mit folgenden Informationen:
- Ihre aktuelle Projektverfügbarkeit (frühester Start)
- Ihre maximale Auslastung/Woche insgesamt
- Können Sie diese Auslastung regelmäßig anbieten?
- Ihr Stundensatz (Vor Ort / Remote)
- Ihr aktuelles Profil
- Eine kurze Rückmeldung zur Passgenauigkeit (gehen Sie bitte auf die oben aufgeführten Punkte ein)

Beste Grüße
Jan Bruins"
Transformation Manager (m/w/d) | Salesforce Roll-Out - Projekt Nr. 1368,31.01.2024,"Für unseren Kunden suchen wir einen Transformation Manager / Programm Manager (m/w/d) mit sehr guten Kenntnissen in Salesforce. 

Start: gerne ab Mitte März, ein Start im April ist möglich 
Einsatzort: Remote, München (Bereitschaft bei wichtigen Abstimmungen vor Ort zu leisten)
Laufzeit: 6 Monate ++
Auslastung: gerne 80%, 60% nach Absprache möglich 

Unser Kunde hat sich im Dezember 23 dazu entschieden Workday und Salesforce flächendeckend über das gesamte Unternehmen auszurollen. Um diese ""globale Plattform"" erfolgreich auszurollen, sowie alle notwendigen Schnittstellen zu steuern, möchte unser Kunde das bereits vorhandene Team um einen externen Experten erweitern.


Aufgaben und Anforderungen:

	- Sie unterstützen unseren Kunden im Rahmen eines globalen Harmonisierungsprojekt (Workday & Salesforce) 
	- Sehr gute Kenntnisse in Salesforce (idealerweise CPQ & Sales Cloud)
	- Starke Prozesskompetenz im Bereich FiCo, Procurement, Sales/Services, FRM, CPQ
	- Starke Kompetenz in Prozessharmonisierungen über Länder, Entitäten, Business Modelle, etc.
	- Sie sind die Schnittstelle zwischen IT, fachlichen Ansprechpartnern und externen Dienstleistern  (Sparring)
	- Technisches (Architektonisches) Verständnis in Bezug auf SF
	- Idealerweise Kenntnisse in Workday (nice to have, da intern Expertise vorhanden)


	Haben Sie freie Kapazitäten und können unseren Kunden unterstützen?
	Ich freue mich auf Ihre Rückmeldung mit der Projektnummer und folgenden Informationen an Civelek@greysolutions.de:
	• Ihre aktuelle Projektverfügbarkeit (frühester Start)
	• Ihre maximale Auslastung/Woche insgesamt
	• Ihr Stundensatz
	• Ihr aktuelles Profil (idealerweise im pdf Format)
	• Ihre Einschätzung zu den geforderten Anforderungen
	
	
Wir bearbeiten alle Rückmeldungen und geben immer unser Bestes, uns bei allen Kandidaten (m/w/d) zurückzumelden. Leider ist dies nicht immer möglich, wir bitten um Ihr Verständnis. Wenn wir uns innerhalb von 5 Werktagen nicht bei Ihnen melden, gehen Sie bitte davon aus, dass der Kunde sich für einen anderen Kandidaten entschieden hat. 
	
Beste Grüße
Elvan Civelek"
Power Automate Experte (m/w/d),31.01.2024,"Für unseren Kunden sind wir auf der Suche nach einem Power Automat Experten (m/w/d), der bei Bedarf den Fachbereich unterstützt im Projekt für eine Laufzeit von mindestens einem Jahr mit Option auf Verlängerung und einer Auslastung von ca. 10% komplett remote.

Ihre Aufgaben
Es wird ein Power Automate Freelancer gesucht, welcher langfristig bestimmte Work Flows betreut und weiterentwickeln soll. Die Prozesse wurden bereits automatisiert und sollen weiter vorangetrieben werden. Es geht vorrangig um Google Forms.

Unsere Anforderungen
Power Automate Wissen mit mindestens ein Jahr Erfahrung
Zuverlässige und selbständige Umsetzung und Arbeitsweise
sehr gute Deutschkenntnisse in Wort und Schrift"
Optimierung der Google Search Console und Einrichtung eines neuen Webshops,31.01.2024,"Für dieses Projekt suchen wir einen erfahrenen Freelancer, der sich bestens mit der Google Search Console auskennt. Die Aufgabe besteht darin, die Meldungen von Google bezüglich Fehler und Anpassungen in der Search Console zu analysieren und entsprechende Maßnahmen umzusetzen. Es geht um einen kürzlich gelaunchten Webshop. Obwohl es sich um keine umfangreiche Aufgabe handelt, ist es wichtig, dass der Freelancer über fundierte Kenntnisse in der Google Search Console verfügt und die erforderlichen Anpassungen professionell durchführen kann. Eines vorweg: sehr schmales Budget."
"Webdeveloper (m/w/d) Teilzeit, 100% Remote",31.01.2024,"Für unseren Kunden suchen wir aktuell einen Webdeveloper (m/w/d) in Teilzeit, 100% Remote.

Rahmendaten: 
Start: ASAP
Dauer: 12 Monate +
Auslastung: 5-15 Std. pro Woche
Remote:  100%
Sprachen: Deutsch, Englisch


Anforderungen: 
-	Nachbau des aktuellen Shops in einem neuen Shopsystem JTL-Shop mit HTML und CSS

Erfahrungen:
-	HTML und CSS Know-How, grundlegendes Webdevelopment Verständnis"
100% REMOTE: Berater SAP FI/CO mwd <> 4 Monate+,31.01.2024,"Dietrich Spohr sucht akut nach einem erfahrenen technischen SAP FI/CO Berater für die Übernahme eines bestehenden umgesetzten S4 Transformationsprojektes (Brownfield).

Aufgaben:
•	Fachliche Leitung SAP FI/CO
•	Vor- und Nacharbeiten der Conversion
•	(Customer/Vendor) Integration (CVI)
•	Finance Daten- und Customizing-Migration
•	Aufbereitung neuer und alter Transaktionen, aufbauend auf den alten (ECC) Transaktionen
•	Begleitung von Funktionstest und Integrationstest
•	Funktions- und Integrationstest
•	Unterstützung beim Auftreten von Problemen bei Tests
•	Mehrjährige Erfahrung in SAP FI/CO
•	SAP FI Datenmigration
•	Erfahrung S/4HANA (Brownfield) 

Rahmendaten:
Start: 		Februar/März 2024
Dauer: 		4 Monate+
Auslastung: 	3 Tage pro Woche
Ort: 		100% REMOTE

Schlüsselwörter: SAP FI, SAP CO, BP Migration, S/4 HANA, Brownfield

Bei Interesse freue ich mich über Ihre Bewerbungsunterlagen und eine Nachricht mit Ihren Kontaktdaten zur weiteren Verwendung an:

nils.sahler@dietrich-spohr.de

Für die Zusammenarbeit bedanke ich mich schon im Voraus.

Beste Grüße aus Bonn.

Wir operieren als Personalberatungsunternehmen. Keine der genannten Fachausdrücke sollen diskriminierend in Hinblick auf Alter oder Erfahrung sein. Wir bestätigen, dass wir alle Bewerbungen von Kandidaten jeden Alters und Erfahrungen gerne entgegennehmen."
"Autor*in Prüfungsvorbereitung Ausbildungsberuf ""Mechatronik"" (Freelance) (m/w/i)",31.01.2024,"Berufliche Bildung zukunftsfähig gestalten.
Die Cornelsen eCademy & inside GmbH ist Experte für digitale Bildung. Mit unseren digitalen Lernlösungen für die Aus- und Weiterbildung in Unternehmen schaffen wir effektive Bildungschancen. Für jeden. Jederzeit an jedem Ort. Wir sind ein eigenständiges Tochterunternehmen der Cornelsen Gruppe mit Standorten in Aachen, Köln und Berlin und Teams aus aller Welt.
Be a lifelong learner!
Bildung, Digitalisierung und du mittendrin. Sinnstiftendes Arbeiten und echte Eigenverantwortung immer inklusive. Du wächst mit uns und kannst deine anspruchsvollen Aufgaben für die eigene Weiterentwicklung nutzen.

Deine Aufgaben
Wir suchen Berufsschullehrer*innen oder Ausbilder*innen für Mechatroniker*innen (m/w/i) (Freelance), mit einer Leidenschaft für nachhaltiges, vernetztes Lernen in der betrieblichen Ausbildung. 
Der zeitliche Aufwand beträgt ca. 5-8 Stunden pro Woche. 

Du unterstützt unser Contentteam als Autor*in in der Erstellung, Überarbeitung und Ergänzung von Fragen zur Prüfungsvorbereitung für den Ausbildungsberuf Mechatroniker*in
Im Rahmen der Qualitätssicherung überprüfst du vorhandene Prüfungssätze 
Du nimmst mit dem Projektteam an einem wöchentlichen Regeltermin teil


Das solltest du mitbringen
Du bringst fundiertes Fachwissen im Rahmen der Prüfungsvorbereitung ""Mechatronik"" mit
Fragen zur Prüfungsvorbereitung und Lösungsherleitungen kannst du zielgruppengerecht und verständlich erstellen
Du magst agiles und eigenverantwortliches Arbeiten und eine effektive Teamkommunikation

Nice to have:
Sicherer Umgang mit digitalen Produkten (bspw. MS Word)



Das bieten wir dir
Abwechslung: Digitale Lernmedien für Kundenprojekte aus unterschiedlichen Branchen und Lizenzprodukte für die berufliche Ausbildung, langweilig wird dir garantiert nicht
Partnerschaftliche Zusammenarbeit: Wir legen großen Wert darauf, mit dir partnerschaftlich zusammen zu arbeiten. Regelmäßige Abstimmungen und eine flexible Erreichbarkeit (via Slack und Zoom) während unserer gemeinsamen Projekte sind für uns selbstverständlich
Mitgestaltung von Erfolg: Deine Arbeit hat maßgeblichen Einfluss auf den Erfolg unserer Produkte und auf den Erfolg derjenigen, die mit ihnen lernen
Option auf längerfristige Zusammenarbeit: Wir arbeiten mit dir gerne regelmäßig zusammen und bieten dir eine gute Mischung aus kleinen und großen Projekten an, die du gut einplanen kannst
Mehr dazu, wer wir sind und was dich erwartet, findest du auf unserer Karriereseite.
 
Das passt zu dir? 
Bitte sende uns deinen Lebenslauf und Infos zu Projekten, die du schon umgesetzt hast über das Formular. Wir versprechen dir einen persönlichen, transparenten und unkomplizierten Bewerbungsprozess und eine schnelle Rückmeldung.

Wir freuen uns auf deine Bewerbung!"
"SAP FI, Business Partner Datenmigration ECC, S/4 HANA Convertion, Brownfield (W/M/D)",31.01.2024,"Start: 15.02.2023
Projektstandort: Remote 
Auslastung: Teilzeit, etwa 55PT
Stichworte: SAP FI, Business Partner Migration, S/4 HANA, Brownfield Migration

Für einen Projekteinsatzunser Mandant einen erfahrenen technischen SAP FI/CO Berater für die Übernahme eines bestehenden und bereits in Teilen umgesetzten S4 Transformationsprojektes (Brownfield Migrationsansatz). 
Gesucht wird insbesondere Erfahrung in Bereich SAP FI/CO Beratung in Business Partner Anpassungen, FI-Datenmigration zur S4 Mig von ERP 6.0 Ehp 8.



Leistungsbeschreibung

•	Planung: Übernahme eines bestehenden und bereits in Teilen umgesetzten S4 Transformationsprojektes 
•	Fachliche Leitung der Conversion für die Themengebiete SAP FI/CO0
•	SAP FI/CO-seitige Vor- und Nacharbeiten der Conversion, insbesondere Themen Business Partner (BP) Conversion 
        (Customer/Vendor) Integration (CVI), sowie Finance Daten- und Customizing-Migration
•	Aufbereitung neuer und alter Transaktionen, aufbauend auf den alten (ECC) Transaktionen des Kunden sowie 
        Aussprache von Empfehlungen
•	Begleitung von Funktionstest und Integrationstest, Check und ggf. Mitwirkung an der Überarbeitung bzw. Ergänzung 
        dieser.
•	FI/CO-seitige Unterstützung beim Auftreten von Problemen bei Tests.
•	Verankerung und Schulung von Business Partnerpflege in der Kundenorganisation.
•	Funktions- und Integrationstest


Anforderungen

•	Mehrjährige Erfahrung in SAP FI/CO
•	Business Partner Anpassungen
•	SAP FI Datenmigration
•	Erfahrung im Bereich S/4HANA Conversions (Brownfield Ansatz)


 Wir freuen uns auf Ihre Rückmeldung."
Freelance Salesforce Apex Entwickler 12 Monate + Remote (w/m/d),31.01.2024,"Hallo liebe Salesforce Entwickler!

Für unseren guten Kunden suchen wir ab März einen erfahrenen Salesforce Entwickler (Keinen Berater).
Speziell geht es um eine Salesforce OMS Entwicklung.
Zudem wäre es von Vorteil, wenn du dich in der Middlewareentwicklung sowie API Entwicklung auskennst und ebenfalls durchführen kannst.


Projektdetails:

Start: März-April 2024
Laufzeit: 12 Monate + Option
Location: Remote


Skillset:

- Sehr große Erfahrung in der Salesforce Apex Entwicklung

Nice to Have:

- Erfahrung in der Schnittstellenprogrammierung mit PHP
- Erfahrung in der Middlewareprogrammierung (bev. Python)


Sollte das Projekt passend und interessant klingen, dann sende mir gerne deinen aktuellen CV, Stundensatz sowie frühestmögliches Startdatum zu.

Viele Grüße"
Scrum Master Systementwicklung (m/w/d),31.01.2024,"Für ein Projekt, das wir für einen Kunden aus dem öffentlichen Dienst umsetzen, suchen wir extern die Hilfe eines erfahrenen Scrum - Master Systementwicklung (m/w/d).
 
* Projekttitel: Scrum - Master Systementwicklung
* Projektstandort: Remote / 20 % vor Ort in Nürnberg
* Projektdauer: 01.03.2024 – 31.10.2024
* Auslastung: Vollzeit 
  
Aufgabenfeld:
  
* Durchführung von Sprint-Retrospektiven im eigenen und anderen Team 
* Moderation und ggfls. Dokumentation der Scrum - Ereignisse

 
Anforderungen:
 
* JEE-Anwendungsentwicklung: Methoden und Werkzeuge
* Konzeption und Realisierung web-basierter JEE-Anwendungen
* Agiles Testen: TDD/BDD
* Agiles Requirements Engineering: Impact Analyse, Szenarien, Personas, Story Mapping
* Clean Code Development und Code Analyse
* Continuous Integration und Continuous Delivery
* Scrum-Kenntnisse, Zertifizierter Scrum Master
* Durchsetzungsvermögen, Akzeptanz bei Stakeholdern
* Vermittlung agiler Werte
* Führungs-, Motivations- und Moderationskompetenz; Organisations-, Delegations- und Kommunikationsfähigkeit
* Agile Security Practices
* Analytische Fähigkeiten, Qualitätsbewusstsein, Flexibilität, Belastbarkeit, Teamgeist
 
Insofern das Projekt für dich interessant klingt, freue wir uns auf deinen CV, Stundensatz sowie deiner Verfügbarkeit. 

Dein Ansprechpartner:
efekan.coskun@cloud-consulting.eu
+4961514930932"
Remote: Microsoft Dataverse Consultant (w/m/d),31.01.2024,"Für unseren Kunden suchen wir einen Microsoft Dataverse Consultant (w/m/d).

Rahmendaten:
Start: asap
Laufzeit: 31.03.24++
Auslastung: ca. 25PT bis Ende März
Einsatzort: Remote

Aufgaben:
- Der Kunde möchte seine Daten in Microsoft Dataverse speichern und verwalten, um dann mit MS Dynamics 365 Anwendungen auf diese Daten zugreifen zu können. Hier braucht der Kunde u.a. Beratung bei folgenden Punkten:
a. Reports erstellen aus Dataverse
b. SQL-Connector zu Dataverse
c. Konnektivität zur Azure Data Factory herstellen (siehe Punkt 2)
d. Datenbank Migrationen zu Dataverse
e. API-Gateway zur Dataverse
- Parallel dazu soll die Azure Data Factory auf Basis von „Azure Data Lake Storage Gen2“ aufgebaut werden. 
- Hierzu soll zunächst ein Konzept erarbeitet und später die Lösung implementiert werden."
DevSecOps (m/w/d),31.01.2024,"Für unseren Kunden suchen wir zum nächstmöglichen Zeitpunkt einen DevSecOps (m/w/d). Die Tätigkeit soll remote sowie ca. 5% vor Ort beim Kunden in Bonn stattfinden.

Aufgaben:
- IST-Analyse, Bestandsaufnahme der bestehenden Kubernetes Infrastruktur
- Aufbau des nötigen Toolings zum Betrieb der Lösung
- Onboarding von neuen Logquellen
- NFR-Testing der Lösung
 
Anforderungen:
Sehr gute Deutsch- sowie gute Englischkenntnisse in Wort und Schrift
4 Jahre Erfahrung in der Administration einer multi-cluster Containerplattform auf Basis von Kubernetes (Nachweis in min. 2 Projekten)
2 Jahre Erfahrung in der Orchestrierung von Kubernetes Deployments mit Hilfe von ArgoCD
1 Jahr Erfahrung in der Absicherung eines Container Service Meshs, bspw. mit ISTIO
2 Jahre Erfahrung im Aufbau und Betrieb eines komponentenbasierten Systemmonitorings auf Basis von Grafana / Loki inklusive Visualisierung, Überwachung und Alarmierung
1 Jahr Erfahrung in der Erstellung und Pflege technischer Dokumentation
2 Jahre Erfahrung im Umgang mit gängigen CI/CD Tools und Versionskontrollsoftware, darunter Gitlab, Helm, Ansible
1 Jahr Erfahrung im Umgang mit gängigen Tools im Bereich Anwenderverwaltung (z.B. Keycloak) und Geheimnismanage-ment (z.B. HashiCorp Vault oder Cyber Ark Conjur)
4 Jahre Erfahrung im Agilen Arbeiten mit Scrum und/oder Kanban

Wir freuen uns auf Ihre Bewerbung unter: https://www.percision.de/projekt/7685/

Freundliche Grüße
Charlin Bugge
Recruitment Consultant
Fon: +49 160 7861611
Mail: charlin.bugge@percision.de
Web: https://www.percision.de
percision services GmbH
Agrippinawerft 26 (2.Etage)
50678 Köln"
"Linux Administrator (m/w/d), remote (ID: 28898)Linux Administrator (m/w/d), remote (ID: 28898)Linux Administrator (m/w/d), remote (ID: 28898)",31.01.2024,"für unser Kundenprojekt suche ich aktuell eine/n Linux Administrator (m/w/d) (28898). 
Ist dies ein passendes Projekt für Sie? Ich freue mich auf Ihre Rückmeldung!

Start: 15.02.2024
Dauer: 6 Monate+
Einsatzort: remote

Aufgaben:
Für unseren Kunden im öffentlichen Sektor sind wir aktuell auf der Suche nach einem Linux Administrator (m/w/d). 

Das Projekt kann zu 100% remote ausgeführt werden.

Anforderungen:
must-have:
-Fundierte Erfahrung in Linux Administration (idealerweise RHEL)
-Erfahrung mit Proxy- und Mailservern
-IT-Security Kenntnisse
-Fließende Deutschkenntnisse

nice-to-have:
-Erfahrung im Cloud-Umfeld
-Kenntnisse in Automatisierungstechnologien

Umfeld:
Linux, Administration, RedHat, Proxy, Mailrelay, NTP, Docker, Podman, Ansible, Kubernetes, Cloud, Puppet

Für Ihre Bewerbung und weitere Informationen nutzen Sie bitte diesen Link:
https://experts.contractor.de/projektangebot-details/28898/?so=-1&ts=84151df735bf57ff5dec7ebe1c492abe&cr=RFQFLM&utm_source=newsletter&utm_medium=RFQFLM&utm_campaign=28898

Weitere interessante Projekte finden Sie in unserer LinkedIn Gruppe: https://www.linkedin.com/groups/12657862/

Beste Grüße

	
Emely Böttner
Recruiterin
+49 89 41 61 716 - 21 | emely.boettner@contractor.de
Contractor Consulting GmbH
Adams-Lehmann-Str. 56
80797 München
https://www.contractor.de - we consult | we create | we recruit
Datenschutzerklärung: https://www.contractor.de/datenschutz/
Geschäftsführer: Alexander Ulrich | Amtsgericht München, HRB 187777  | Sitz der Gesellschaft: München"
SAP Migration - Bereich SAP MM - 100% remote,31.01.2024,"Für unseren Partner aus dem Gesundheitsbranche suchen wir umgehend Unterstützung in der 

SAP Migration - Bereich SAP MM - 100% remote

Derzeit befindet sich das Projekt in der technischen Umsetzung. Es wird S/4 HANA nach Greenfield implementiert.

Aufgaben

•	Übernahme der Migrationstätigkeiten im Rahmen eines SAP S/4 Greenfield Projekt im Bereich SAP MM Einkauf 
•	Daten aus unterschiedliche Vorsystemen müssen zusammengeführt und für die Migration aufbereitet werden
•	Zusammenarbeit mit Fachbereich und Migrationsteam
•	Übernahme von Koordination und Moderation der beteiligten Teams, um konstruktiv und zielgerichtet miteinander die Migrationsobjekte zur Verfügung zu stellen
•	Strukturierte Arbeitsweise mit Jira und Confluence 
•	Validierung der migrierten Daten im Zielsystem


Qualifikationen

•	Mehrjährige, tiefgehende Projekterfahrung in SAP Migrationsprojekten, bevorzugt im SAP MM Umfeld
•	Praktische Erfahrung in SAP-Implementierungsprojekten
•	Erfahrung im regulatorischen Umfeld von Vorteil (gerne aus der Gesundheitsbranche oder Labor)
•	Verhandlungssichere Deutschkenntnisse


Rahmen

•	Start: ASAP
•	Laufzeit: voraussichtlich bis Juni 2024
•	Auslastung: 5 Tage pro Woche / Vollzeit
•	Ort: bis zu 100% remote möglich

Bei Interesse freuen wir uns auf Ihre Rückmeldung und die Zusendung Ihres aktuellen Qualifikationsprofils (gerne im WORD-Format) unter Angabe Ihrer Konditionen und Ihrer Verfügbarkeit.


Ihr Ansprechpartner für diese Position ist:
Lennart Elias

Mobil: +49-162-6817502
l.elias@bluechilled-group.de"
"Administrator (m/w/d) Betrieb MS SharePoint Umgebung - Remote (90%), Rheinbach (10%)",31.01.2024,"Unterstützung im Bereich MS SharePoint Betrieb: Incidents, Problems, Changes 

Aufgaben: 
1.	Im Rahmen des kontinuierlichen Verbesserungsprozesses sind wiederkehrende Tätigkeiten mittels PowerShell-Skripten zu automatisieren. 
2.	Bearbeitung von Incidents, welche manuell durch den User Help Desk oder automatisiert durch aktive Monitoring-Systeme initiiert wurden.
a.	Identifikation von Problemen. 
b.	Konzeption technischer Lösungen sowie deren Umsetzung. 
c.	Ganzheitliche Dokumentation entlang des gesamten Incident-Prozesses. 
d.	Professionelle und umfassende Kommunikation hinsichtlich des Incidents mit dem Kunden. 
3.	Identifikation wiederkehrender Probleme und Konzeption von Lösungen für die weitere und künftige Bearbeitung inklusive Dokumentation. 
4.	Installation, Konfiguration und Dokumentation von Changes an IT-Systemen und SharePoint-Applikationen, die von der Abteilung betreut werden. 
a.	Übernahme von Aufgaben für Installation und Konfigurationen von IT-Systemen, welche seitens des IT-Service-Management-Tools delegiert werden. 
b.	Installation und Konfiguration gemäß den Vorgaben der Abteilung. 
5.	Bearbeitung Problemen
a.	Betriebsseitiger Ansprechpartner für Entwickler und IT-Architekten bei der Lösung von Problemen auf den durch die Abteilung betreuten IT-Systemen. 
b.	Konzeption technischer Lösungen in Form von Störungsbehebungen und Workarounds zur Beseitigung von Problemen. 
c.	Ganzheitliche Dokumentation.

Qualifikationsanforderungen: 
1.	Sehr gute Sprachkenntnisse in Deutsch und gute Sprachkenntnisse in Englisch 
2.	Kenntnisse IT-Service Management ITIL v3 oder ITIL 4

Erfahrungsanforderungen: 
1.	Erfahrung in der Adminstration von IT-Systemen
2.	Erfahrung in der Administration und Bereitstellung von SharePoint sowie SharePoint Applikationen
3.	Erfahrung in der Umsetzung von geplanten und beschriebenen IT-Systemen
4.	Erfahrung in der Validierung und im Test von IT-Systemen
5.	Erfahrung im Umgang mit IT Management Systemen, z.B USU, Maximo, Remedy
6.	Erfahrung mit operativen Projektmanagementwerk-zeugen, z.B. JIRA"
"Administrator (m/w/d) Betrieb Nintex K2 Workflows - Remote (90%), Rheinbach (10%)",31.01.2024,"Unterstützung im Bereich Nintex K2 Workflow Betrieb: Incidents, Problems, Changes

Aufgaben:
1. Troubleshooting, Monitoring und Fehleranalyse bei Incidents und Problems, welche durch das IT Service Management Tool initiiert werden, im Kontext von Nintex K2 Workflows.
2. Implementierung von Formularen und Workflows im Zuge der Change-Bearbeitung für SharePoint-Applikationen via Nintex K2-Designer und Designer for SharePoint.
3. IT-Betriebsseitiger Ansprechpartner für Entwickler und IT-Architekten bei der Lösung, Entwicklung und Optimierung etablierter Nintex K2-Workflows.
4. Ganzheitliche Dokumentation der Tätigkeiten innerhalb des IT-Service-Management-Tools sowie Fortschreibung betrieblicher Dokumente

Qualifikationsanforderungen:
1. Sehr gute Sprachkenntnisse in Deutsch und gute Sprachkenntnisse in Englisch
2. Kenntnisse IT-Service Management ITIL v3 oder ITIL 4

Erfahrungsanforderungen:
1. Erfahrung im Umgang mit IT Management Systemen, z.B USU, Maximo, Remedy
2. Administration von IT-Systemen, NAOP (Nintex Automation on premise), sowie Windows-Server
3. Erfahrungen mit Microsoft SQL Servern und daran angebundene Workflow Lösungen
4. Erfahrung in der Umsetzung von geplanten und beschriebenen IT-Systemen
5. Erfahrung mit operativen Projektmanagementwerk-zeugen, z.B. JIRA
6. Erfahrung in der Integration von Workflow Engines (K2 / Nintex) in SharePoint Umgebungen
7. Erfahrung in der Anwendung und Konfiguration von SharePoint 2019 Workflows und Formularen mit Nintex K2-Designer 
8. Erfahrung mit Workflow Engines in Enterprise Umgebungen mit 10000+ Benutzern"
REMOTE: ABAP-Entwickler gesucht <> 12 Monate +,31.01.2024,"Dietrich Spohr sucht akut nach einem ABAP-Entwickler (mwd). 

Hintergrund: 
Akut bindet unser Kunde Key Account Mineralölgesellschaften an SAP an. Es gibt eine ausführliche Einarbeitung vom dem internen ABAP-Entwickler.

Aufgaben:
•	Mapping im SAP
•	SAP-Prozesse im Service begleiten
•	ABAP-Entwicklung (Entlastung des internen Entwicklers)
•	Es ist immer eine Anwendung von einem Keyaccount an ans SAP, über eine bestehende Schnittstelle verknüpft. Um die Schnittstelle muss der ABAP-Experte sich nicht selber kümmern (einstellen etc. macht eine andere Ressource)
Anforderungen:
- tiefgreifende Erfahrungen im ABAP-Umfeld 
- wünschenswert sind Erfahrungen im SAP CS Umfeld 
- Erfahrungen im ABAP OO wünschenswert
- Projekterfahrungen mit vielen Z Entwicklungen

Rahmendaten:
Einsatzort: RENOTE 
Auslastung: 3-5 Tage/Woche 
Start: ASAP
Dauer: 12 Monate + Option auf Verlängerung 

Bei Interesse freue ich mich über Ihre Bewerbungsunterlagen und eine Nachricht mit Ihren Kontaktdaten zur weiteren Verwendung. 

Für die Zusammenarbeit bedanke ich mich schon im Voraus. 

Beste Grüße aus Bonn."
"Administrator (m/w/d) Betrieb PowerShell-Automatisierung - Remote (90%), Rheinbach (10%)",31.01.2024,"Unterstützung im Bereich Betrieb von PowerShell-Automatisierungs-Lösungen: Incidents, Problems, Changes 

Aufgaben: 
1. Konzeption und Umsetzung von PowerShell-basierten Automatisierungslösungen im Windows- und SharePoint-Umfeld 
a.	zur zentralen Datenerhebung und Ermittlung bestehender Konfigurationseinstellungen. 
b.	zur zentralen Umsetzung von Konfigurationsvorgaben von bestehenden oder beschriebenen IT-Systemen. 
c.	zum Monitoring zentraler IT-Services sowie von IT-Systemen. 
d.	zur Durchführung von Wartungsmaßnahmen an bestehenden IT-Systemen. 
e.	zur Durchführung von Entstörungs- und Troubleshooting-Maßnahmen an bestehenden IT-Systemen sowie systematische Identifikation von Fehlkonfigurationen. 
f.	zur vereinheitlichenden und wiederholbaren Durchführung von Betriebsaufgaben an IT-Systemen unterschiedlicher Komplexität. 
2. Erfüllung von Vorgaben bezüglich der Wiederverwendbarkeit, Wartbarkeit, Robustheit, Fehlerbehandlung und Erfüllung von Standards beim Erstellen von Skripten und Dokumentationen. 
3. Ganzheitliche Dokumentation sämtlicher konzipierter und umgesetzter Skripte. 

Qualifikationsanforderungen: 
1.	Sehr gute Sprachkenntnisse in Deutsch und gute Sprachkenntnisse in Englisch 
2.	Kenntnisse IT-Service Management ITIL v3 oder ITIL 4 

Erfahrungsanforderungen: 
1.	Erfahrung in der Administration von IT- und SharePoint-Systemen
2.	Kenntnisse bei der Erstellung von komplexen PowerShell-Skripten, Server- und Clientside 
3.	Kenntnisse Powershell Remote Administration 
4.	Kenntnissen in der Erstellung von Powershell Modulen & Funktionen 
5.	Kenntnisse in Fehlerbehandlung, Debugging/Troubleshooting 
6.	Kenntnisse in SharePoint / PowerShell (Remote) Administration
7.	Erfahrung bei der Erstellung, Anpassung und Dokumentation von Skripten in SharePoint Umgebungen: Siteerstellung, Update- und Deployment-Skripten 
8.	Erfahrung im Umgang mit IT Management Systemen, z.B. USU, Maximo, Remedy
9.	Erfahrung mit operativen Projektmanagementwerkzeugen, z.B. JIRA"
Agile Senior-Tester (m/w/d),31.01.2024,"Für ein Projekt, das wir für einen Kunden aus dem öffentlichen Dienst umsetzen, suchen wir extern die Hilfe eines erfahrenen Senior-Tester, Agile Senior-Tester (m/w/d).

* Projekttitel: Senior-Tester, Agile Senior-Tester
* Projektstandort: Remote / 20% vor Ort in Nürnberg
* Projektdauer: 01.03.2024 – 31.10.2024
* Auslastung: Vollzeit 
  
Aufgabenfeld:
  
* Konzeption und Weiterentwicklung des fachlichen Testvorgehens bzw. von Last- und Performance-Tests unter Berücksichtigung der Prozesse, Methoden und Werkzeuge des IT-Systemhauses 
* Implementierung automatisierter Tests und der Erstellung von Testscripten (Fokus)
* Planung und Steuerung von Testressourcen
* Unterstützung der fachlichen Bedarfsträger beim Testen der Anwendung; Durchführung von Demo-Workshops
* interne und externe Ende-zu-Ende-Testdurchführungen planen, vorbereiten, koordinieren, analysieren, auswerten und dokumentieren (interne Schnittstellenpartner (z.B. E-AKTE, FALKE), externe Kommunikationspartner (z. B. Gerichte / Anwälte)
* Maßnahmen zur Qualitätssicherung/ -optimierung von Testfällen, Testdaten, Testusern, Testskripten und Testvorgehen durchführen                                                                
* Analyse der Anforderungsdokumente im Rahmen der Testfallerstellung durchführen 
* Aufwände für Testfallerstellung und -durchführung schätzen           
* interne und externe Ende-zu-Ende-Testdurchführungen planen, vorbereiten, koordinieren, analysieren, auswerten und dokumentieren
* Testmethoden und -werkzeuge einsetzen                                                                           
* Testkonzepte erstellen und pflegen                                                                       
* Testberichte erstellen                                                                
* Testprozess-/ Defectprozessoptimierungen unterstützen
* Incident- und Problembearbeitung (2nd / 3rd-Level-Support)

 
Anforderungen:
 
* ISTQB Certified Tester auf verschiedenen Ebenen: Foundation, Agile Extension, Advanced (Test Analyst, Technical Test Analyst)
* Testmethoden: Black Box, White Box, Überdeckungstest, Explorativer Test, Testspezifikation
* Fachliche Akzeptanztests und Schnittstellentests
* Kenntnisse in folgenden Testtools: Micro Focus SilkPerformer, Dynatrace, Micro Focus Silk4J, SCTM, SoapUI NG Pro / Ready API, JUnit
* Fehlermanagement (z.B. JIRA)
* Konfigurationsmanagement (z.B. SVN, GIT)
* Projekt- und Ressourcenmanagement
* Planung, Aufbau und Pflege von Testdaten
* Agiles Testen: Vorgehensweisen, Techniken, Methoden und Werkzeuge (z.B. ATDD)
* Agile Praktiken: Scrum, Kanban, Clean Code Development, Pair Programming
* Test von WebServices (SOA, REST, …)

 
Insofern das Projekt für dich interessant klingt, freue wir uns auf deinen CV, Stundensatz sowie deiner Verfügbarkeit. 

Dein Ansprechpartner:
efekan.coskun@cloud-consulting.eu
+4961514930932"
VMware Tanzu Consultant/Admin,31.01.2024,"Engineering Degree with experience in IT. 
Administer VMware PKS/TKG infrastructure. 
Managing and Troubleshooting issues in Kubernetes technologies. 
Strong Knowledge of troubleshooting skills on PKS/TKG & VMware. 
Strong Knowledge of VMware management tools. 
Knowledge on Remote system administration. 
Troubleshooting the incidents & problems reported on the servers. 
Provide the root cause analysis on the major incidents/problems. 
Monitoring logs and alerts. 
Patch management. 
Should have previous experience in design, implementation, migration / Upgrade PKS, Tanzu infrastructure based on VMware.  
German Speaker. 

If Interested, kindly share your updated CV to mohan.v@infoplusltd.co.uk"
Qlik Sense Specialist (m/f/d),31.01.2024,"For our client we are looking for a Qlik Developer (m/f/d) 

Start: ASAP / Febr
Location: Remote 
Workload: 100% 
Duration: 8 months++

Tasks & Requirements: 
	- Migration from Qlik Sense and Qlik View to Amazon QuickSight
	- Definition of requirements inclusively cost estimate
	- Development of the new reporting landscape
	- Interface communication and connection of interfaces
	
	
Do you have free capacities and can support our client?
I look forward to your response with the following information to Civelek@greysolutions.de:
- Your current project availability (earliest start).
- Your maximum workload/week in total
- Your hourly rate
- Your current profile (ideally in pdf format)
- Your assessment of the requirements


We process all responses and always try our best to get back to all candidates Unfortunately this is not always possible, we appreciate your understanding. If we do not get back to you within 5 working days, please assume that the client has decided for a different candidate. 

Best regards
Elvan Civelek"
Vertriebsunterstützung: B2B-Vertrieb für Krisenresilienz,31.01.2024,"Liebe Freelancer,
 
wir suchen aktuell Unterstützung für die Vermarktung unseres Krisenresilienz-as-a-Service-Angebots. Wir benötigen Unterstützung bei der Terminvereinbarung von kostenlosen (!) Krisenmanagementübungen in mittelständischen Unternehmen. 

Wir stellen uns (im Idealfall) eine freiberufliche Zusammenarbeit auf Erfolgsbasis vor. Wir würden jeden Kontakt, qualifiziert ist, indem drei Terminvorschläge gemacht wurden sowie die Bereitschaft zu der kostenlosen Übung durch das Management bestätigt ist, vergüten. Zielvorstellung wären sechs bis acht solcher Termine im Monat. Wir sind offen für andere Vorschläge!
 
Haben Sie Interesse an einer solchen Zusammenarbeit? Dann bitten wir um Kontaktaufnahme per Mail an post{at}krisensicher-werden.de
 
Freundliche Grüße
Rico Kerstan"
SAP EAM/PM Berater (m/w/d) - asap - 12 Monate+ - remote,31.01.2024,"SAP EAM/PM Berater (m/w/d) - asap - 12 Monate+ - remote

wir sind auf der Suche nach einem SAP EAM/PM Berater (m/w/d).

Projektbeschreibung:
S/4 Hana Transformation

Skills:
	• SAP EWM/PM
	• Modulübergreifende Erfahrung (wünschenswert)
	• S/4 Hana
	
Rahmenbedingungen:
Start: asap
Dauer: 12 Monate+
Auslastung: Vollzeit
Ort: 95% remote (1 Tag im Monat vor Ort in Frankfurt)
Sprache: deutsch

Signatur Freelancermap (Freelancer.de nicht)

Haben wir Ihr Interesse geweckt?
Dann freuen wir uns über die Zusendung Ihres CV's im Word-Format mit Kontaktdaten, Honorarsatz und Verfügbarkeit an: ws@stingel-consulting.de

Beste Grüße
Wladimir Sichinski
STINGEL CONSULTING GmbH
0711/968811-27
ws@stingel-consulting.de
http://www.stingel-consulting.de
 
READY FOR EXCELLENCE ? -- JOIN US ! -- CONSULTANTS. ARCHITECTS. DEVELOPERS. -- http://stingel-consulting.de"
SAP S/4 HANA CO Berater - 6+ Monate - Remote - Start: Februar 2024,31.01.2024,"Für unseren langjährigen Kunden suchen wir einen SAP CO Berater.
Ihre Hauptaufgabe besteht in der Unterstützung des Projektteams bei einer SAP CO-PA Einführung.
Hierbei handelt es sich um ein bereits bestehendes S/4 HANA System in dem jedoch gewisse CO Kompontenten heute noch nicht im Einsatz sind.

Aufgaben:
• Koonzeption im SAP CO-PA Bereich im Rahmen einer IST Analyse und SOLL Analyse
• Customizing, Testing, User-Training und Unterstützung im Go-Live
• Regelmäßige Abstimmung mit den Fachbereichen und deren Beratung

Anforderungen:
• Gute Kenntnisse in SAP S4/HANA SAP CO
• Erfahrung im produzierenden Umfeld
• Wünschenswert: Erfahrung mit schweizer und deutschen Unternehmen

Projektdetails:
• Start: Februar 2024
• Laufzeit: 5 Monate (mit Verlängerungsoption)
• Auslastung: 2 bis 3 Tage pro Woche
• Ort: remote ggf. ein punktueller Workshop vor Ort beim Kunden
• Sprachen: Deutsch und Englisch

Telefonische Interviews mit unserem Kunden können kurzfristig vereinbart werden, mit schneller Entscheidung im Anschluss.
Bei Interesse an diesem Projekt, oder wenn Sie hierfür jemanden empfehlen können,kommen Sie gerne auf mich zu."
Security Ethical Hacker (m/w/d),31.01.2024,"Für unseren Kunden suche ich einen Security Ethical Hacker (m/w/d) für ein remote Projekt.

Aufgaben:
•	Unterstützung bei der Lösungsintegration und -validierung durch Verifizieren und Testen der Gesamtsystemfunktionalität 
•	Durchführung von End-to-End-Tests, Last- und Performance Tests sowie von Integrationstests
•	Durchführung manueller Tests und automatisierter Tests für neue Funktionen
•	Unterstützung beim Refactoring und Erstellen von automatisierten Testszenarien und Organisieren von Testfällen
•	Unterstützung bei Partneranbindungen 
•	Unterstützung des BIRD-Pilotprojekts bei der Übertragung von Elementen in die Cloudumgebung
•	Unterstützung beim API Contract Testing sowohl auf Seiten der API-Producer (Server Side) als auch auf Seite der API-Consumer (Client Side)
•	Unterstützung bei der Durchführung von System- und Lösungsdemos im Rahmen der öffentlichen Demo-Days
•	Unterstützung beim Defect Management
•	Unterstützung der System- und Lösungsarchitekten/Engineering bei der Identifizierung von Systemmängeln und Engpässen
•	Unterstützung beim Aufdecken von Schwachstellen und potentiellen Angriffsarten
•	Unterstützung bei der Formulierung von Anforderungen (Backlog-Items) zu identifizierten Systemmängeln und Schwachstellen für die Entwicklungsteams der jeweiligen Komponente
•	Unterstützung bei der Dokumentation der Testaktivitäten inkl. Berichte, Testfallerstellung, Testprotokolle
•	Unterstützung bei der Überführung von Testergebnissen und Bedrohungen durchidentifizierte Schwachstellen in geeignete Gegenmaßnahmen (z. B. Patching, Re-konfiguration etc.)
•	Unterstützung beim Überprüfen der Middleware-Protokolle & Serverprotokollen
•	Unterstützung beim Überprüfen der Usability und Barrierefreiheit der Benutzeroberfläche(n)
•	Sicherstellung der Betriebsfähigkeit und Funktionalität von allen Anwendungen (Applikationen) und Prozessen im gegenseitigen Zusammenspiel (nicht stand-a-lone)
•	Weiterleitung von Incidents und Service Requests 
•	Zusammenarbeit mit den anderen Entwicklerteams sowie dem Cloud-Infrastrukturteam im Rahmen eines 2nd- und 3rd-Level-Supports

Anforderungen:
•	Sehr gute Kenntnisse als Penetration Tester/ Ethical Hacker in der IT-Security sowie im Umgang mit gängigen Sicherheitswerkzeugen im Bereich Sicherheits- und Vulnerability-Management
•	AWS, Azure, Google Cloud oder Ionos Cloud oder gleichwertig
•	Erfahrung in der Ermittlung und Analyse von Schwachstellen bei Cloud Services
•	Erfahrung in der Planung und Durchführung von Sicherheitstests mit der Programmiersprache Typescript
•	Erfahrung in der Planung und Durchführung von Sicherheitstests von Webservices wie REST API
•	Zertifizierung als CEH (Certified Ethical Hacker) oder OSCP (Offensive Security Certified Professional)
•	GitHub
•	Shell scripting

Zeitraum - von:	28.02.2024
Zeitraum - bis:	28.10.2024

Ich freue mich auf die Zusendung Ihres Profils inkl. der Verfügbarkeit und Stundensatz."
.NET Developer (m/w/d) C# WPF,31.01.2024,"Wir suchen Unterstützung für unser Team bei der Weiterentwicklung einer durch uns erstellten Anwendung.
Es handelt sich hierbei um eine Kunden-/Lieferanten-/Auftragsverwaltung mit diversen Schnittstellen zu Fremdsystemen.

Das Projekt kann zu 95 % remote durchgeführt werden. Laufzeit mit hoher Wahrscheinlichkeit der Verlängerung ist zunächst 6 Monate. Gerne berücksichtigen wir auch Teilzeit - Interessenten ab 50% Auslastung.

Sehr gute Kenntnisse in C#, WPF, MVVM und Durchführung von Softwaretests werden vorausgesetzt. Wünschenswerte Erfahrungen sind gerne Entity Framework, DevExpress, Reporting und SQL. Das System basiert auf dem .NET Core 8.0 Framework.

Wir erwarten eine strukturierte, selbstständige und zielorientierte Arbeitsweise sowie gute Kommunikationsfähigkeiten und Teamgeist. Sie sprechen deutsch, sind aktuell verfügbar und dieses Projekt passt zu Ihren Kompetenzen?

Dann melden Sie sich gerne mit Profil und Stundensatz."
IAM DevOps (m/f/d) - Fully Remote,30.01.2024,"On behalf of our client we are currently looking for the following profile:

Start: ASAP
Duration: 4 months (+ possible extension)
Location: remote
Language: German

Description:
- 6-7 years of IAM experience
- Recent experience with One Identity Manager
- Fluent in German

Please kindly send me your updated CV to pkudtho@k2partnering.com if you are interested. Or feel free to suggest someone or a consultancy company that may be interested in this role and get some extra cash from K2.

Best regards,
Poppy"
Experts Required for a Procurement Transformation: S/4HANA Integration and Process Enhancement,30.01.2024,"Vicoland seeking an experienced professional to provide insights into the impact of transitioning to S/4HANA on our partner’s client's procurement processes and overall organizational structure. The client is currently using Jaggaer.

In addition to the primary expert, we are also looking for the following specialists:

3 S/4HANA Experts: Individuals well-versed in the intricacies of S/4HANA, capable of offering in-depth knowledge and guidance on the implementation and optimization of this enterprise resource planning solution.

1 Senior Advisor in Large-Scale Transformations Impacting Purchasing: An experienced professional with a comprehensive understanding of large-scale transformations, specifically focusing on their influence on procurement processes.

2 Experts in Intelligent Spend Management Solutions from SAP: Individuals proficient in Intelligent Spend Management solutions within the SAP ecosystem, equipped to advise on the integration and optimization of these solutions in the 
context of the broader transformation. Experts should be skilled in one or all of the following: ARIBA, Concur, and Fieldglass
 
 
Project duration: 3 months
Start date: ASAP
Language requirements: German, English"
remote: DevOps Java Consultant w/m/d POS30011nt Kafka Docker Prometheus Microservices AWS,30.01.2024,"Start: Februar
Dauer: 6 MM +
Ort: remote
Umfang: möglichst Vollzeit
Projektsprache: Deutsch (!)

Position: DevOps

Skills:
Java 
Cloud 
Kafka
Docker
Prometheus
Microservices
AWS"
Trainer/Trainerin | JIRA-Grundlagenschulung | 1 Tag | online,30.01.2024,"Trainer/Trainerin | JIRA-Grundlagenschulung online

Dauer: 1 Tag (entspricht 8 Zeitstunden) Termine werden bedarfsabhängig abgestimmt.
Gruppengröße: 12 Teilnehmende + 1 Person zur Hospitation

Theoretischer Wissensaufbau mit kurzen Lernerfolgskontrollen (50%)
Einführung in Jira 
•	Überblick über Jira und seine Funktionen 
•	Warum Jira nutzen? Vorteile für Teams und Projekte

Die Benutzeroberfläche
•	Navigation und Menüstruktur verstehen
•	Projekte und Boards erkunden
•	Erklärung der wichtigsten Begriffe (Issue, Workflow, Vorgangstypen, usw.)

Arbeiten mit Issues
•	Verständnis über Issue-Hierarchien
•	Erstellen und Bearbeiten von Issues
•	Anhänge und Kommentare hinzufügen
•	Nutzen von Labels und Komponenten

Kanban vs. SCRUM-Boards
•	Eigenschaften, Vor- und Nachteile
•	Drag-and-Drop für Aufgabenverwaltung

Filterung und Dashboards
•	Welche Möglichkeiten der Filterung gibt es?
•	Standardfilterung und erweiterte Filtermöglichkeiten
•	Reporting-Möglichkeiten
•	Visuelle Darstellung von Reporting / Dashboards

Kurze Lernerfolgskontrollen
•	Digitale oder analoge Lernerfolgskontrollen in kurzer Form am Ende jeder Theorieeinheit
•	Ggf. Wiederholungen von Inhalten, wenn Inhalte weiterer Festigung bedürfen

Praktische Übungen zur Festigung der Lerninhalte (50%)
Beispielhafte Fallbeispiele und Alltagssituationen der Schulungsteilnehmer:
•	Wie kann mich Jira bestmöglich in meiner Arbeit unterstützen?
•	Wie baue ich mir mein fachliches Arbeitsfeld in Jira effizient und übersichtlich auf?
•	Wie können wir mit Unterstützung von Jira am besten strukturiert im Team arbeiten?"
IT-Projektleiter Routenplanung (m/w/d) 12 Monate / remote,30.01.2024,":
- Einführung eines hochgradig automatisierten und digitalen Planungsprozesses, um Effizienz und Präzision in der Auftragsabwicklung zu steigern. Der Fokus liegt auf der Optimierung des gesamten Ablaufs von Auftragseingang, Auftragsplanung, Mitarbeiterdisposition und Routenplanung
- Analyse und Bewertung des aktuellen Planungsprozesses, Untersuchung bestehender Abläufe und Identifikation von Optimierungspotenzialen.
- Konzeption eines verbesserten Planungsprozesses und Entwicklung eines automatisierten, effizienten Prozessmodells unter Berücksichtigung aller relevanten Faktoren von der Auftragsannahme bis zur Durchführung.
- Implementierung der Prozessoptimierungen, Führung und Überwachung der Umsetzung neuer Prozesse, einschließlich der Auswahl und Integration der Softwarekomponenten.

Skills / Anforderungen:
• Steuerung der Verantwortlichen des Fachbereiches, der IT und interner Dienstleister
• Erstellung/fortlaufende Pflege der Projektplanung in Abstimmung mit dem Projektteam und den Dienstleistern inkl. Projektantrag
• Planung, Steuerung und Überwachung der Termine, Kosten, Qualität und Zielerreichung
• Beschaffung geeigneter Ressourcen / Ressourcenzusagen einfordern
• Koordination, Führung und Motivation des Projektteams
• Bereichs- oder ressortübergreifende Kooperation mit Prozesspartnern aus IT und Business im gesamten Konzern
• Eigenständige Vorbereitung und Durchführung der Lenkungskreis-Sitzungen
• Durchführung des Projektabschlusses inkl. Lessons Learned Qualifikation
• Mind. 5 Jahre Erfahrung in der Planung und Steuerung von komplexen Projekten mit großem IT-Anteil; mit agilem und systemischen Projekt-/Produktmanagement-Methoden
• Stark kundenzentrierte Arbeitsweise mit nachweislicher Erfahrung in der Digitalisierung von Geschäftsprozessen; vorzugsweise im Bereich der Logistik/Disposition
• Aktuelles IT-Know-how, insbesondere in Bezug auf Softwarelösungen für Planungs- und Dispositionsprozesse mit hoher Automatisierung oder KI-Ansätzen.
• Fundierte Erfahrung in der Steuerung mehrere Dienstleister und mit Konzernstrukturen
• Analytisches Denkvermögen

Rahmenbedingungen:
Dauer: 01.02.2024 - 31.12.2024, Option auf Verlängerung
Volumen: ~ 2,5 PT/Woche
Ort: Remote, vereinzelt München


Ich würde mich über eine positive Rückmeldung von Ihnen freuen.
Beste Grüße
Paul Keil
STINGEL CONSULTING GmbH
Tel.: 0711/968811-21
E-Mail: pk@stingel-consulting.de
Web: http://www.stingel-consulting.de"
SAP Customer Data Cloud Experte (m/w/d),30.01.2024,"Für unseren Kunden aus der IT-Branche suchen wir einen SAP Customer Data Cloud Experten (m/w/d) in Vollzeit.
Bei Interesse freue ich mich auf deinen CV unter Angabe deines Stundensatzes an: nadine.lammertz@avantgarde-experts.de"
Informatica Entwickler gesucht (m/w/d),30.01.2024,"Für unseren Kunden suchen wir derzeit dringend einen Informatica Powercenter Entwickler (m/w/d)

Eckdaten:

*Start: ASAP / spätestens Februar

*Laufzeit: Ende 2024

*Standort: 100% Remote

*Auslastung: 100%

Gewünschte Erfahrungen:
• Sehr gute Erfahrung mit Informatica Powercenter
• Gute Erfahrung mit Cognos

Haben wir Ihr Interesse geweckt? Dann freuen wir uns sehr über die Zusendung Ihres Profils unter Angabe Ihres Stundensatzes."
Freelancer für FinSup Projektmodul gesucht,30.01.2024,"Wir suchen einen erfahrenen Freelancer für das Projektmodul FinSup. Die Aufgaben umfassen sowohl Beratung als auch Entwicklung, insbesondere im Bereich Belegdesign. Insgesamt werden 20-50 PT benötigt, wobei ab März 2-3 Tage pro Woche eingeplant sind. Der geplante GoLive ist im Juli 2024. Zusätzlich sind 3 Tage Workshops geplant, die jeweils an den Mittwochen 4., 11. und 18. März 2024 stattfinden sollen."
Freelancer für Lager/Logistik-Beratung gesucht (D365 F&O Warehouse Management),30.01.2024,"Wir suchen einen erfahrenen Freelancer mit Schwerpunkt Lager/Logistik für ein Projekt in den Niederlanden. Das Projekt umfasst die Analyse und Konzeption von Lagerprozessen sowie die Anbindung von LVS-Systemen an D365 F&O on-premise. Weitere Aufgaben beinhalten Performance-Analysen und Optimierungen sowie die Dokumentation der Ergebnisse. Der Großteil der Arbeit kann remote erledigt werden, jedoch wird eine Präsenz vor Ort von etwa 10% erwartet. Das Projekt startet am 04.10.2023 und hat eine Laufzeit von 2-3 Monaten mit einem Arbeitsaufwand von 2 Tagen pro Woche. Der ideale Kandidat verfügt über mehrjährige Erfahrung als Berater im Bereich Lager/Logistik, speziell im D365 F&O Warehouse Management. Zudem sind Kenntnisse in MS AX/D365 F&O sowie Erfahrung mit Performance Tests erforderlich. Gute Deutschkenntnisse sind ebenfalls erforderlich. Das Projekt beinhaltet die Anbindung zu einem hochautomatisierten LVS mit einer Durchsatzrate von bis zu 100.000 Paketen pro Tag."
Technischer ELO ECM Berater - 3+ Monate - Remote - Start: März 2024,30.01.2024,"Für unseren Kunden suchen wir einen technischen ELO ECM Berater, welcher den Kunden bei seinen laufenden Projekten unterstützt.

Aufgaben:
• Upgrade von ELO 12 auf ELO 23
• ELO Invoice Doc und Datev Anbindung 
• Unterstützung bei ELO 20 und Anpassung der Prozesse 
• Regelmäßige Abstimmung mit dem Fachbereich 

Anforderungen:
• Tiefgreifendes Erfahrung in ELO Systemarchitektur
• Erfahrung in der Aufbau von Business Solutions
• Erfahrung in den Business Solutions Invoice, ELO for Datev und Modul DocXtractor sind zwingend erforderlich

Projektdetails:
• Start: März 2024
• Laufzeit:3 Monate (mit Verlängerungsoption)
• Auslastung: 5 Tage pro Woche
• Ort:remote 
• Sprache: Deutsch

Telefonische Interviews mit unserem Kunden können kurzfristig vereinbart werden, mit schneller Entscheidung im Anschluss.
Bei Interesse an diesem Projekt, oder wenn Sie hierfür jemanden empfehlen können, kommen Sie gerne auf mich zu."
Gesucht: Systemmonitoring und -betrieb Experte (m/w/d) nach DevSecOps Prinzipien - 4 Jahre Erfahrung,30.01.2024,"Projektzeitraum / Dauer: 4 Jahre, bis 31.12.2027 - Vollzeit
75 EUR/Std. 

Ihre Aufgaben:
Aufbau des erforderlichen Toolings für den Betrieb der Lösung, inklusive Überwachung des Clusters und seiner Ressourcen, Eigenüberwachung der Lösung, Reparatur und Optimierung der Überwachungsdashboards sowie Erstellung eines automatisierten Lagebildes für Reporting.
Onboarding neuer Logquellen, einschließlich Planung und Gestaltung der Infrastruktur, abhängig von Datenmengen und eingehendem Verkehr.
Durchführung von NFR-Testing (Non-Functional Requirements Testing) der Lösung, beinhaltet Planung, Durchführung und Auswertung von Last- und Kapazitätstests.

Anforderungen:
-Gute bis sehr gute Deutschkenntnisse in Wort und Schrift (C1-Niveau) sowie grundlegende Englischkenntnisse (B1-Niveau).
-Erfahrung in der Administration von Multi-Cluster Containerplattformen auf Basis von Kubernetes (mindestens 4 Jahre und 2 Projekte).
-Fähigkeit zur Orchestrierung von Kubernetes Deployments mit ArgoCD (mindestens 2 Jahre Erfahrung).
-Kenntnisse in der Absicherung eines Container Service Meshs, beispielsweise mit ISTIO (mindestens 1 Jahr Erfahrung).
-Aufbau und Betrieb eines komponentenbasierten Systemmonitorings auf Basis von Grafana / Loki, inklusive Visualisierung, Überwachung und Alarmierung.
-Erfahrung im Umgang mit CI/CD Tools und Versionskontrollsoftware, darunter Gitlab, Helm, Ansible.
-Kenntnisse im Bereich Anwenderverwaltung (z.B. Keycloak) und Geheimnismanagement (z.B. HashiCorp Vault oder Cyber Ark Conjur).
-Agiles Arbeiten mit Scrum und/oder Kanban (mindestens 1 Jahr Erfahrung)."
Technischer ElO ECM Berater - 6+ Monate - Remote - Start: März 2024,30.01.2024,"Für unseren Kunden suchen wir derzeit einen technischen ELO ECM Berater ,welcher den Kunden bei seinen laufenden Projekten unterstützt.

Aufgaben:
• Anbindung von ELO an SAP 
• Unterstützung bei der Dokumentenablage
• Regelmäßige Absprache mit der Fachabteilung

Anforderungen:
• Tiefgreifendes Know-How in ELO Systemarchitektur, auch in Bezug bei  Aufbau von Business Solutions
• Know- How in den Business Solutions Invoice, ELO Kenntnisse für Datev und Modul DocXtractor sind zwingend erforderlich
• Erfahrung mit der Anbindung ELO an SAP 

Projektdetails:
• Start: März 2024
• Laufzeit: 6 Monate (mit Verlängerungsoption)
• Auslastung: 5 Tage pro Woche
• Ort: remote 
• Sprache: Deutsch

Telefonische Interviews mit unserem Kunden können kurzfristig vereinbart werden, mit schneller Entscheidung im Anschluss.
Bei Interesse an diesem Projekt, oder wenn Sie hierfür jemanden empfehlen können, kommen Sie gerne auf mich zu."
Windows-Server Administrator (m/w/d),30.01.2024,"Für unseren Hamburger Kunden suchen wir ASAP einen Windows-Server Spezialisten (m/w/d) mit Security Kenntnissen. Die Auslastung beträgt 4-5 Tage / Woche. Der Remote Anteil beträgt 100% mit wenigen über die Laufzeit verteilten Präsenztagen vor Ort (nach Absprache).

Aufgaben:
- Administration und Betrieb der Windows Serverinfrastruktur (>2000 Server)
- Begleitung im Basisbetrieb durch Bearbeitung von Tickets und Durchführung von Changes
- Eigenverantwortliche Bearbeitung von Arbeitsaufträgen, insbesondere im Bereich Security
- Steuerung des Patchmanagements mithilfe entsprechender Tools
- Verscriptung von Abläufen und Integration in die Automatisierungsinfrastruktur
- Pflege, Erweiterung und Distribution von Windows-Images
- Anwendung von Tools (Jira, Confluence) für die Dokumentation und das Tracking von Aufgaben
- Zusammenarbeit mit internationalen Kollegen, inklusive Kommunikation in Englisch

Anforderung:
- Praktische Erfahrung im IT-Support und Basisbetrieb
- Kenntnisse im Bereich Security und Erfahrung in der eigenverantwortlichen Bearbeitung von entsprechenden Arbeitsaufträgen
- Fundierte Kenntnisse im Patchmanagement und im Umgang mit Automatisierungsinfrastrukturen
- Erfahrung in der Verscriptung von Abläufen
- Gute Kenntnisse in der Pflege, Erweiterung und Distribution von Windows-Images
- Sicherer Umgang mit Tools wie Jira und Confluence
- Gute Englischkenntnisse in Wort und Schrift"
Kubernetes & OS Engineer (m/w/d) // überwiegend Remote // ab sofort // auf freiberuflicher Basis.,30.01.2024,"Wir sind ein IT-Dienstleistungs- und Beratungsunternehmen mit Fokus auf Microsoft-Technologien und wurde 1999 gegründet. Heute beschäftigen wir 250 Mitarbeiter. Diese betreuen vielseitige und anspruchsvolle Projekte öffentlicher und privater Auftraggeber von der Konzeption bis zur Realisierung. 

Für unsere eigenen Projekte suchen wir 1 Kubernetes & OS Engineer (m/w/d) //  überwiegend Remote // ab sofort // auf freiberuflicher Basis.

Rahmenbedingungen des Einsatzes: 
- Beginn: ab sofort
- Einsatzdauer: 6 Monate, Option auf Verlängerung
- Einsatzort: Wiesbaden/Mainz  ,  90 % Remote
- Bereitschaft zu einer Sicherheitsüberprüfung SÜ 2

Ihre Aufgaben:
• Betrieb der Container.
• Überwachung der Infrastruktur
• Linux Betrieb
• Begleitende Betriebsthemen wie, Problemlösung, Updates, Patches unter ITIL Empfehlung
• Härtung von Linuxsystemen
• Kenntnisse im BSI Grundschutz

Anforderungsprofil:
•	Kenntnisse in Container Umgebungen, 
•	Erfahrung mit Docker, Kubernetes
•	Erfahrung in der Netzwerktechnik
•	Erfahrung im Umgang mit der Härtung von Linux Systemen
•	Deutsch Sprachkenntnisse min. C1, englisch B1

Wir freuen uns, wenn sie an einer Zusammenarbeit interessiert sind. Bitte senden Sie uns bei Interesse Ihr aktuelles Profil sowie Ihre Stundensatzvorstellung für diese Aufgabe zu. 
Vielen Dank! 
Beste Grüße

Ralf Spinnler 
SINC GmbH 
Rheingaustraße 182
65203 Wiesbaden 
Tel.: +49 (0) 611 504518-75 
Fax: +49 (0) 611 987972-8 
E-Mail: ralf.spinnler@sinc.de
Internet:  http://www.sinc.de"
Projektleiter Einführung eines neuen IT-Fachverfahrens,30.01.2024,"Die Global Network AG wurde im Jahr 2009 gegründet und ist auf IT-Dienstleistungen für IT-Infrastruktur und im IT-Servicebereich spezialisiert. Daneben bieten wir Leistungen in der IT-Beratung und der Softwarebeschaffung an. Wir stehen für Qualität auf höchstem Niveau, kurze Entscheidungswege und innovative Prozesse. Dadurch können wir flexibel auf die Bedürfnisse unserer Kunden und Geschäftspartner reagieren. Zu unseren Kunden zählen vorrangig Ministerien, Behörden, die Bundesrepublik Deutschland und öffentliche Verwaltungen. Zusätzlich sind wir auch für Großunternehmen der Privatwirtschaft tätigt.

Zur zeitweisen Unterstützung unseres Teams suchen wir zum nächstmöglichen Zeitpunkt eine*n 

„Projektleiter Einführung neues Fachverfahren (m/w/d)“

Aufgaben:
•	Leitung eines komplexen IT-Projektes: Ausschreibung und Einführung eines neuen IT
Fachverfahrens für das Führerscheinwesen sowie Personen- und Güterbeförderung
•	Projektvorbereitung, Projektsteuerung
•	Koordinierung der Erstellung notwendiger Ausschreibungsunterlagen wie z.B. Leistungsbeschreibung auf Basis der Architekturvorgaben des Landes Berlin und dem ITDZ
•	Koordinierung der Ausschreibungs- und Vergabeverfahren nach den im Land Berlin anzuwendenden öffentlich-rechtlichen Vorgaben
•	Steuerung und Abstimmung mit dem Landesdienstleister zur Bereitstellung von nötiger IT-Infrastruktur und ggf. weiterer IT-Dienstleistungen
•	Mitarbeit bei der Konzepterstellung (IT-Sicherheit, Datenschutz, Betriebskonzept), der Entwicklung von Softwarearchitekturen und bei Umsetzung, Tests und Abnahme
•	Steuerung der Projektabnahme und der Betriebsu?bergabe, Projektcontrolling, Projektdokumentation
•	Begleitung bzw. Koordinierung der Umsetzung durch interne und externe Mitarbeiter/innen

Fachliche Anforderungen/ Kompetenzen:
•	Mehrjährige Erfahrung in der Leitung komplexer IT-Projekte größerer Organisationen, bevorzugt in der öffentlichen Verwaltung
•	Mehrjährige Erfahrung bei der Erstellung von Ausschreibungen, insbesondere von Fachverfahren
•	Kenntnisse der Projektvorbereitung, Projektsteuerung, Steuerung der Beschaffung von IT-Infrastruktur und weiterer IT-Dienstleistungen
•	Steuerung der Projektabnahme und der Betriebsu?bergabe, Projektcontrolling, Projektdokumentation
•	Kenntnisse in der Anwendung von Projektmanagement-Werkzeugen
•	Präsentations- und Moderationserfahrungen vor Fachpublikum und Projektgremien
•	Kenntnisse gängiger IKT-Systeme und -Netzwerke (insbesondere MS Windows)
•	Kenntnisse und Erfahrungen zu Projektmanagementstandards bzw. –rahmenwerken
•	Erfahrung in der Führung großer und sowohl fachlich als auch organisatorisch heterogen zusammengesetzter Teams
•	Kenntnisse in der Konzeptionierung und Dokumentation von Sicherheitskonzepten
•	Kenntnisse der Netzwerksicherheit und MS-basierten IT-Architekturen
•	Kenntnisse der Berliner IT-Architekturstandards
•	Grundkenntnisse des Aufbaus und der Verfahrensweisen der Abteilung IV des Landesamtes für Bürger- und Ordnungsangelegenheiten

Projektdaten:
•	Projektstart: 19.02.24
•	Projektlaufzeit: 31.12.24
•	Auslastung: ca. 64 Stunden im Monat

Leistungsort:	
Der Hauptanteil der Leistungserbringung erfolgt Remote. Teilweise Präsenz zu Terminen ist nötig.

Kontaktaufnahme:
Wir haben Ihr Interesse geweckt? Dann freuen wir uns darauf, Sie kennen zu lernen.
Bitte schicken Sie uns Ihre vollständigen und aussagekräftigen Bewerbungsunterlagen unter Angabe Ihres frühestmöglichen Starttermins und Ihrem Stunden-/Tagessatz an bewerbung@global-network.ag

Erste Fragen beantworten wir Ihnen gerne unter +49 30 5445 2000"
SAP IS-U MaKo EDI technische Beratung/Entwicklung - Ab Februar – remote,30.01.2024,"Amoria Bond sucht für unseren Kunden ab Februar 2024 einen Experten (m/w/d) im Bereich SAP IS-U MaKo EDI technische Beratung/Entwicklung.

Rahmenbedingungen: 
•	Start: 		ab Mitte Februar 2024
•	Ende: 		6 Monate +  Verlängerungsoption 
•	Auslastung: 	flexibel 3-5 Tage 
•	Standort: 	remote

Anforderungen:
•	Erfahrung in SAP IS-U MaKo EDI Beratung
•	Wünschenswerte Erfahrungen in ABAP OO Entwicklung
•	Erfahrung in Stammdaten MaKo
•	Sehr gute Deutschkenntnisse


Schlüsselwörter:
SAP, IS-U, EDI, MaKo, ABAP OO, Deutschland, Deutsch, German, Freelancer, Freelance, Freiberufler, Projekt, Deutschland, Germany, remote, Home-Office

Sie sind interessiert? Jetzt bewerben! Oder schicken Sie mir bitte Ihren aktuellen Lebenslauf im Word-Format!
Jocelyn.tokgoezoglu@amoriabond.com

Ich freue mich von Ihnen zu hören! 
Viele Grüße
Jocelyn Tokgözoglu"
Freelance Intrexx Entwickler:in (m/w/d) 100% REMOTE,30.01.2024,"Schönen guten Tag liebes Netzwerk, 

für meinen Kunden in Berlin suche ich eine:n

 Intrexx Entwickler:in (m/w/d)

Start: flexibel, frühestens Mitte Feb. 2024
Location: 100% Remote, der Kunde sitzt in Berlin 
Dauer: langfristig (12+ Monate)
Auslastung: ca. 15-20 Stunden / Woche 

Skills: Intrexx Entwicklung 
Task: Portalweiterentwicklung

Bei Interesse schicken Sie mir gerne Ihren CV an sandrine@neea-connect.de inkl. Ihrer Stundensatzvorstellung. 
Festanstellung in Teilzeit ist auch möglich, falls gewünscht. 

Ich freue mich auf Ihre Bewerbung, liebe Grüße
Sandrine"
Administrator für PAISY C/S Client Server - Umgebung gesucht / 100% Remote,30.01.2024,"Hallo liebe Freelancer,

hier sucht ein Partner von unserem Haus Unterstützung für ein spannendes Kundenprojekt. soll spätestens ab dem 1.4.24 losgehen, kann zu 100% remote erbracht werden.
 
Must-Have Expertise des Paisy-Kandidaten:
- Expertenwissen in der Lösung ""PAISY C/S"" (Client Server) (neueste Version ""Wartung 119""). 
Bereiche:
o Bearbeitung von HR Payroll Aktivitäten
o Konfiguration auf PAISY (entsprechend den Anforderungen der Payroll / HR Prozesse)
o AMS-Support und Incident-Handling mit Unterstützung des Anbieters ADP
- Fortgeschrittene Kenntnisse der Schnittstellensysteme wie ELSKomfort
- Fortgeschrittene Kenntnisse in der INFO-Skriptsprache
- Erfahrung in deutschen HR- und Payroll-Prozessen
- Technische Konfiguration 
- Verwaltung von Benutzern und Benutzerrechten / Gruppen (Zugriffsberechtigung Listenverwaltung"")

Rahmenparameter:
Start: spätestens 01.04.2024
Laufzeit: Longterm
Arbeitsmodell: 100% Remote
Projektsprache(n): Deutsch & Englisch 

Wir freuen uns auf Ihre zeitnahe Bewerbung mitsamt Preisangabe und CV!

Zwischenzeitlich verbleibe ich 

Mit freundlichen Grüßen,

Wim Zawidzki I  Project Manager
           0211 / 94257-022
          Wim.Zawidzki@hfs-solutions.de"
SAP Analytics Cloud / SAP Datasphere Consultant,30.01.2024,"SAP Analytics Cloud / SAP Datasphere Consultant

Details:
>Start Mitte Feb.
>Projekt geht bis Mai
>Hauptsächlich Remote
>Teilzeit
>Projekt Sprache: Deutsch. (Gute Englischkenntnisse erforderlich)

Ihre Aufgaben:
- Evaluierung der fachlichen Anforderungen (draft liegt vor)
- Entwicklung und Umsetzung von Reportinglösungen - die Vorgaben liegen als draft vor
 - Visualisierung als Story/Dashboard/Report in SAP Analytics Cloud (BI, Planung nicht vorgesehen)

Unsere Anforderungen:
- sehr gute Kenntnisse SAP Datasphere (ex SAP Datawarehouse Cloud), evtl. Einrichten von Connections, 
 - sehr gute Kenntnisse SAP Analytics Cloud (BI)
 - praktische Erfahrungen in der Datenmodellierung und Entwicklung mit SAP Datasphere
 - praktische Erfahrung mit SAC BI-Reportings, Erstellen von Stories auf Basis live data connection
- Sehr gutes Verständnis von Datenmodellen und ausgeprägte analytische Fähigkeiten
- Kenntnisse SAP ERP ECC on HANA von Vorteil (Module PS, SD, CO, ABAP-Kenntnisse)
- sehr gute Kommunikationsfähigkeiten und Kundenorientierung
- Methodische und strukturierte Arbeitsweise
- sehr gute Deutschkenntnisse und gute Kenntnisse in Englisch"
OpenStack Architekt (m/w/d),30.01.2024,"Für unseren Kunden aus dem Bereich der Softwareentwicklung bin ich aktuell auf der Suche nach einem erfahrenen OpenStack Architekt (m/w/d), um die Cloud des Unternehmens weiterzuentwickeln.

Start: Mitte Februar
Laufzeit: vorerst 3 Monate (mit hoher Verlängerungswahrscheinlichkeit)
Auslastung: Vollzeit, 5 Tage/Woche
Einsatzort: 100% remote

Projektbeschreibung: Inhaltlich geht es um eine technische Migration des Rechenzentrums hin zu einer Cloud. OpenStack soll dabei die Architektur der Cloud darstellen. Aktuell startet die Migrationsphase in das Serverhosting mit der Bereitstellung der Cloud-Infrastruktur (IaaS). Aufbau und Bereitstellung von PaaS-Diensten (z.B. Datenbanksystemen) ist bis Mai 2024 vorgesehen, ab dann können z.B. gemanagte Datenbanken zur Verfügung gestellt werden.

Aufgaben:
- Planung der gesamten Rechenzentrumsmigration mit dem Team
- Auflistung der gesamten Kommunikationsbeziehungen, welche benötigt werden
- Welche Services laufen im Cloud Native und welche in der Internet DMZ? (ggf. wird es notwendig sein mehrere OpenStack Project bereitzustellen)
- Aufstellung der benötigten Quota für Cloud-Native-Dienste und Internet-Dienste

Anforderungen:
- Expertenkenntnisse mit langjähriger Berufs- oder Projekterfahrung in der OpenStack Architektur
- Erfahrung in Migrationsprojekten (Rechenzentrumsmigration zur Cloud)
- Beratungskenntnisse bei der Ablaufplanung einer Rechenzentrumsmigration
- Fundiertes Know-how bei der technischen Umsetzung der Migration hin zu einer OpenStack Architektur
- Sprachkenntnisse: Deutsch (fließend/verhandlungssicher in Wort und Schrift); Englisch (gute Kenntnisse wünschenswert)

Bei Interesse freue ich mich auf Ihre zeitnahe Rückmeldung mit folgenden Informationen:
- Ihre aktuelle Projektverfügbarkeit (frühester Start)
- Ihre maximale Auslastung/Woche insgesamt
- Können Sie diese Auslastung regelmäßig anbieten?
- Ihr Stundensatz (remote)
- Ihr aktuelles Profil (auf Deutsch)
- Eine kurze Rückmeldung zur Passgenauigkeit (gehen Sie bitte auf die oben aufgeführten Punkte ein)

Herzliche Grüße,

Patrick Wayne
Senior Associate Recruiter - Page Contracting GmbH
T: +49 172 7123102
E: patrickwayne@pagecontracting.com"
Testdesigner ISTQB Freelancer (m/w/d) - 100% Remote - Start: 19.02.2024!,30.01.2024,"Momentan suche ich für meinen Kunden aus Frankfurt am Main einen kurzfristig verfügbaren Testdesigner mit ISTQB-Zertifizierung für ein 100% Remote-Projekt.

Das Projekt:
Start: 19.02.2024, gerne früher
Länge: 11 Monate (Verlängerung möglich)
Ort: 100% Remote (Endkunde sitzt in Frankfurt am Main) 
Sprache: Deutsch 

Zu deinen Aufgaben zählen:
• Erstellung von Testszenarien & Testfällen;
• Testdurchführung der bestehenden Softwarelösung;
• Erstellung von Testberichten und Beratung.

Dein Background (!Selbsteinschätzung auf der Skala: 1-10!):
• Testdesign;
• ISTQB Certified Tester Foundation Level;
• End-to-End Tests;
• Testmethoden in agilen und klassischen Softwareentwicklungsprozess;
• Verständnis in Prozess- und Geschäftsabläufen;
• Nice-to-Have: Erfahrung in der Logistik-Branche.

Du hast Interesse und bist zeitnah verfügbar? Dann melde dich gerne mit aktuellem CV, deiner projektbezogenen Selbsteinschätzung und deinem Stundensatz unter ahoang@onedayahead.de
Gerne können wir uns dann über die Projektdetails telefonisch austauschen."
SAP SD OTC S4Hana - Fixed Term Contract - Remote,30.01.2024,"Hope you are well.
I came across your CV in linkedin
We have a contract role for a project with our client as follows which might be of your interest.
Role Parameters
Role: SAP SD OTC S4Hana
Job Location: Germany-Walldorf
Mode: Remote
Contract Type: Fixed term contract with Ubique Systems GMBH
If you are interested, please share your updated CV and the followings so that I can process your profile.
1.	Are you an EU National?
2.	If not an EU National, are you eligible to work with a B2B contract without sponsorship? Please mention your Visa type and validity.
3.	Your present location (City):
4.	If selected, how soon you can join:
5.	What would be you day rate (8 hours a day):
6.	Years of experience in SAP OTC :
7.	Years of experience in SAP Hana:


Job Description:
Minimum three end-to-end implementation experience along with 10 or more years of development and rollout experience. Ability to design, provide solution with different options.Key is to have worked on Development projects (Minimum three projects). Candidate who have not worked on development projects need not apply.10 years+ experience with SAP OTC modulesExposure in understanding and gathering Business rules, Business requirements from end users.BP Configurations and use of BP in SD, Intercompany processes.Hands on experience on the configuration settings of SD business processes like Consignment, Third Party, Free of Charge, Intercompany.Integration of S4 with SFDC and other custom applications using API and ODATA ServicesHandling of interim scenario with ECC(Current System) and S4 Version 2023(Final System)Sales BOM setup and pricing setupVariant configuration setup and pricing setupUse of BRF PlusWorking knowledge of standard FIORI and development of new FIORI applications is a requirement.Should be able to interact with the developer and communicate the requirements and have ability to author Functional Requirement Specification (FRS).Understand and evaluate business requirements, identify the changes to the global template and translate them into functional specification and technical design.Be accountable for on time delivery of the project deliverablesExposure to IDOC?s, monitoring and understanding and resolving of IDOC related issues.Preparation of Test Scripts.Exposure in Jobs (monitoring) understanding the purpose of a particular job, resolving issues which arise out of Jobs.At least they should be strong in the following areas:""strong / solid candidate in SAP OTC area who is willing to drive / learn additional functional areas,""Knowledge on Below areas? S/4 HANA Experience? Integration with SCM, PTP and FI Modules"
SAP Cash Application App Consultant – 6+ months – remote – Start ASAP,30.01.2024,"For our long-term end customer are we looking for an SAP Cash Applicaton App Consultant.
Your main task is to drive the Machine Learning topic by improving the performance of the Cash Application App in regard of Finance topics. 

Tasks:
• Analysis about the current topic and to see what has been done internally so far 
• Improving the performance in the Cash Application App 
• Regular coordination with the departments

Requirements:
• Good knowledge with the SAP Cash Application App 
• Experience in Performance improvement with the Cash Application App 
• Desirable: Experience with OCR improvement in regard of Finance for a different topic 

Project details:
• Start: ASAP
• Duration: 6 months (+) 
• Workload: 2 to 3 days per week
• Location: Remote
• Language: English

Telephone interview slots with our client can be arranged at short notice with a decision immediately thereafter.
If you are interested in receiving further information about the role or can recommend a colleague or friend, please get in touch."
Testautomatisierer mit Cucumber/Playwright-Erfahrung (m/w/d) - 100% Remote - Start: 19.02.2024!,30.01.2024,"Momentan suche ich für meinen Kunden aus Frankfurt am Main einen kurzfristig verfügbaren Testautomatisierer mit Cucumber/Playwright-Erfahrung für ein 100% Remote-Projekt.

Das Projekt:
Start: 19.02.2024
Länge: 9 Monate (Verlängerung möglich)
Ort: 100% Remote (Endkunde sitzt in Frankfurt am Main) 
Sprache: Deutsch 

Zu deinen Aufgaben zählen:
• Konzeptionierung und Durchführung von Testautomatisierungs-Strategien;
• Unterstützung bei Release- und Integrationstests;
• Dokumentation und Beratung zu Testprozessen.

Dein Background (!Selbsteinschätzung auf der Skala: 1-10!):
• Testdesign;
• Testautomatisierung mit Cucumber & Playwright;
• Robot Framework/Cypress/Selenium;
• Mobile-Testing;
• ISTQB Zertifizierung.

Du hast Interesse und bist zeitnah verfügbar? Dann melde dich gerne mit aktuellem CV, deiner projektbezogenen Selbsteinschätzung und deinem Stundensatz unter ahoang@onedayahead.de
Gerne können wir uns dann über die Projektdetails telefonisch austauschen."
